{"gw": 1e-05, "gv": 0.0, "gu": 0.00086, "gt": 0.00015, "gs": 0.0005099999999999999, "gr": 0.00197, "gq": 0.0, "gp": 0.0, "gz": 0.0, "vr": 1e-05, "gx": 0.0, "gg": 0.00025, "gf": 1e-05, "ge": 0.00385, "gd": 3e-05, "gc": 0.0, "gb": 0.0, "ga": 0.00148, "go": 0.00132, "gn": 0.00066, "gm": 0.0001, "gl": 0.00061, "gk": 0.0, "gj": 0.0, "gi": 0.0015199999999999999, "gh": 0.00228, "tz": 4e-05, "tx": 0.0, "ty": 0.00227, "tv": 1e-05, "tw": 0.00082, "tt": 0.0017100000000000001, "tu": 0.00255, "tr": 0.00426, "ts": 0.00337, "tp": 4e-05, "tq": 0.0, "tn": 0.0001, "to": 0.010409999999999999, "tl": 0.00098, "tm": 0.00026, "tj": 0.0, "tk": 0.0, "th": 0.03556, "ti": 0.01343, "tf": 6e-05, "tg": 2e-05, "td": 1e-05, "te": 0.01205, "tb": 3e-05, "tc": 0.00026, "ta": 0.0053, "gy": 0.00026, "zl": 1e-05, "zm": 0.0, "zn": 0.0, "zo": 7.000000000000001e-05, "zh": 1e-05, "zi": 0.00012, "zj": 0.0, "zk": 0.0, "zd": 0.0, "ze": 0.0005, "zf": 0.0, "zg": 0.0, "za": 0.00025, "zb": 0.0, "zc": 0.0, "zx": 0.0, "zy": 2e-05, "zz": 3e-05, "zt": 0.0, "zu": 2e-05, "zv": 0.0, "zw": 0.0, "zp": 0.0, "zq": 0.0, "zr": 0.0, "zs": 0.0, "mv": 0.0, "mz": 0.0, "ix": 0.00021999999999999998, "iz": 0.00064, "iq": 0.00010999999999999999, "ip": 0.00089, "is": 0.011279999999999998, "ir": 0.00315, "iu": 0.00017, "it": 0.01123, "iw": 1e-05, "iv": 0.0028799999999999997, "me": 0.00793, "md": 1e-05, "mg": 1e-05, "mf": 4e-05, "ma": 0.00565, "mc": 4e-05, "mb": 0.0009, "mm": 0.00096, "ml": 5e-05, "mo": 0.00337, "mn": 8.999999999999999e-05, "mi": 0.00318, "mh": 1e-05, "mk": 0.0, "mj": 0.0, "mu": 0.00115, "mt": 1e-05, "mw": 1e-05, "vs": 1e-05, "mq": 0.0, "mp": 0.0023899999999999998, "ms": 0.0009299999999999999, "mr": 3e-05, "vt": 0.0, "my": 0.00062, "mx": 0.0, "vu": 2e-05, "vv": 0.0, "vw": 0.0, "vx": 0.0, "vz": 0.0, "fp": 0.0, "fq": 0.0, "fr": 0.00213, "fs": 6e-05, "ft": 0.00082, "fu": 0.00096, "fv": 0.0, "fw": 0.0, "fx": 0.0, "fy": 8.999999999999999e-05, "fz": 0.0, "fa": 0.00164, "fb": 0.0, "fc": 1e-05, "fd": 0.0, "fe": 0.0023699999999999997, "ff": 0.00146, "fg": 1e-05, "fh": 0.0, "fi": 0.0028499999999999997, "fj": 0.0, "fk": 0.0, "fl": 0.00065, "fm": 1e-05, "fn": 0.0, "fo": 0.00488, "sz": 0.0, "sy": 0.00057, "sx": 0.0, "ss": 0.004050000000000001, "sr": 6e-05, "sq": 7.000000000000001e-05, "sp": 0.00191, "sw": 0.00024, "sv": 1e-05, "su": 0.00311, "st": 0.01053, "sk": 0.00039, "sj": 0.0, "si": 0.0055000000000000005, "sh": 0.00315, "so": 0.00398, "sn": 8.999999999999999e-05, "sm": 0.00065, "sl": 0.0005600000000000001, "sc": 0.00155, "sb": 8e-05, "sa": 0.00218, "sg": 2e-05, "sf": 0.00017, "se": 0.00932, "sd": 5e-05, "wq": 0.0, "lf": 0.00053, "lg": 6e-05, "ld": 0.00253, "le": 0.008289999999999999, "lb": 7.000000000000001e-05, "lc": 0.00012, "la": 0.00528, "ln": 6e-05, "lo": 0.00387, "ll": 0.00577, "lm": 0.00023, "lj": 0.0, "lk": 0.0002, "lh": 2e-05, "li": 0.00624, "lv": 0.00035000000000000005, "lw": 0.00013, "lt": 0.00124, "lu": 0.00135, "lr": 0.0001, "ls": 0.0014199999999999998, "lp": 0.00018999999999999998, "lq": 0.0, "lz": 0.0, "lx": 0.0, "ly": 0.00425, "yi": 0.00029, "yh": 1e-05, "yk": 0.0, "yj": 0.0, "ym": 0.00024, "yl": 0.00015, "yo": 0.0015, "yn": 0.00013, "ya": 0.00016, "yc": 0.00014000000000000001, "yb": 4e-05, "ye": 0.0009299999999999999, "yd": 7.000000000000001e-05, "yg": 3e-05, "yf": 1e-05, "yy": 0.0, "yx": 0.0, "yz": 2e-05, "yq": 0.0, "yp": 0.00025, "ys": 0.00097, "yr": 8e-05, "yu": 1e-05, "yt": 0.00017, "yw": 3e-05, "yv": 0.0, "em": 0.00374, "el": 0.0053, "eo": 0.00073, "en": 0.014539999999999999, "ei": 0.00183, "eh": 0.00026, "ek": 0.00016, "ej": 5e-05, "ee": 0.00378, "ed": 0.01168, "eg": 0.0012, "ef": 0.0016300000000000002, "ea": 0.00688, "ec": 0.00477, "eb": 0.00027, "ey": 0.0014399999999999999, "ex": 0.00214, "ez": 5e-05, "eu": 0.00031, "et": 0.00413, "ew": 0.00117, "ev": 0.00255, "eq": 0.00057, "ep": 0.00172, "es": 0.013389999999999999, "er": 0.02048, "rt": 0.00362, "ru": 0.00128, "rv": 0.0006900000000000001, "rw": 0.00013, "rp": 0.00042, "rq": 1e-05, "rr": 0.00121, "rs": 0.0039700000000000004, "rx": 1e-05, "ry": 0.00248, "rz": 1e-05, "rd": 0.00189, "re": 0.01854, "rf": 0.00032, "rg": 0.001, "ra": 0.006860000000000001, "rb": 0.00027, "rc": 0.00121, "rl": 0.00086, "rm": 0.0017499999999999998, "rn": 0.0016, "ro": 0.0072699999999999996, "rh": 0.00015, "ri": 0.00728, "rj": 1e-05, "rk": 0.00097, "xj": 0.0, "xk": 0.0, "xh": 4e-05, "xi": 0.00039, "xn": 0.0, "xo": 3e-05, "xl": 1e-05, "xm": 0.0, "xb": 0.0, "xc": 0.00026, "xa": 0.0003, "xf": 2e-05, "xg": 0.0, "xd": 0.0, "xe": 0.00021999999999999998, "xz": 0.0, "xx": 3e-05, "xy": 3e-05, "xr": 0.0, "xs": 0.0, "xp": 0.00067, "xq": 0.0, "xv": 2e-05, "xw": 0.0, "xt": 0.00047, "xu": 5e-05, "wy": 2e-05, "wx": 0.0, "kc": 0.0, "kb": 1e-05, "ka": 0.00017, "kg": 3e-05, "kf": 2e-05, "ke": 0.00214, "kd": 1e-05, "kk": 0.0, "kj": 0.0, "ki": 0.00098, "kh": 3e-05, "ko": 6e-05, "kn": 0.0005099999999999999, "km": 2e-05, "kl": 0.00010999999999999999, "ks": 0.00048, "kr": 3e-05, "kq": 0.0, "kp": 1e-05, "kw": 2e-05, "kv": 0.0, "ku": 3e-05, "kt": 1e-05, "kz": 0.0, "ky": 6e-05, "kx": 0.0, "dn": 8e-05, "do": 0.00188, "dl": 0.00032, "dm": 0.00017999999999999998, "dj": 5e-05, "dk": 0.0, "dh": 5e-05, "di": 0.00493, "df": 3e-05, "dg": 0.00031, "dd": 0.00043, "de": 0.0076500000000000005, "db": 3e-05, "dc": 3e-05, "da": 0.00151, "dz": 0.0, "dx": 0.0, "dy": 0.0005, "dv": 0.00018999999999999998, "dw": 8e-05, "dt": 3e-05, "du": 0.00148, "dr": 0.0008500000000000001, "ds": 0.00126, "dp": 2e-05, "dq": 1e-05, "qq": 0.0, "qp": 0.0, "qs": 0.0, "qr": 0.0, "qu": 0.00148, "qt": 0.0, "qw": 0.0, "qv": 0.0, "qy": 0.0, "qx": 0.0, "qz": 0.0, "qa": 0.0, "qc": 0.0, "qb": 0.0, "qe": 0.0, "qd": 0.0, "qg": 0.0, "qf": 0.0, "qi": 0.0, "qh": 0.0, "qk": 0.0, "qj": 0.0, "qm": 0.0, "ql": 0.0, "qo": 0.0, "qn": 0.0, "jx": 0.0, "jy": 0.0, "jz": 0.0, "jt": 0.0, "ju": 0.0005899999999999999, "jv": 0.0, "wg": 0.0, "wf": 2e-05, "we": 0.00361, "wd": 4e-05, "wc": 1e-05, "wb": 1e-05, "wa": 0.00385, "wo": 0.00222, "wn": 0.00079, "wm": 1e-05, "wl": 0.00015, "wk": 1e-05, "wj": 0.0, "wi": 0.00374, "wh": 0.00379, "jl": 0.0, "jm": 0.0, "jn": 0.0, "jo": 0.00054, "jh": 0.0, "ji": 3e-05, "jj": 0.0, "jk": 0.0, "jd": 0.0, "je": 0.00052, "jf": 0.0, "jg": 0.0, "ja": 0.00026, "jb": 0.0, "jc": 0.0, "ww": 0.0, "wv": 0.0, "wu": 1e-05, "wt": 7.000000000000001e-05, "ws": 0.00035000000000000005, "wr": 0.00031, "ck": 0.0011799999999999998, "cj": 0.0, "ci": 0.0028100000000000004, "ch": 0.00598, "co": 0.007940000000000001, "cn": 1e-05, "cm": 3e-05, "cl": 0.00149, "cc": 0.00083, "cb": 1e-05, "ca": 0.00538, "wp": 1e-05, "cg": 1e-05, "cf": 1e-05, "ce": 0.00651, "cd": 2e-05, "cz": 1e-05, "cy": 0.00042, "cx": 0.0, "cs": 0.00023, "cr": 0.00149, "cq": 5e-05, "cp": 1e-05, "cw": 0.0, "cv": 0.0, "cu": 0.0016300000000000002, "ct": 0.00461, "pr": 0.004739999999999999, "ps": 0.00055, "pp": 0.0013700000000000001, "pq": 0.0, "pv": 0.0, "pw": 1e-05, "pt": 0.00106, "pu": 0.00105, "pz": 0.0, "px": 0.0, "py": 0.00012, "wz": 0.0, "pb": 1e-05, "pc": 1e-05, "pa": 0.0032400000000000003, "pf": 1e-05, "pg": 0.0, "pd": 1e-05, "pe": 0.0047799999999999995, "pj": 0.0, "pk": 1e-05, "ph": 0.00094, "pi": 0.00123, "pn": 1e-05, "po": 0.00361, "pl": 0.00263, "pm": 0.00016, "iy": 0.0, "va": 0.0014000000000000002, "vb": 0.0, "vc": 0.0, "vd": 0.0, "ve": 0.00825, "vf": 0.0, "vg": 0.0, "vh": 0.0, "vi": 0.0027, "vj": 0.0, "vk": 0.0, "vl": 0.0, "vm": 0.0, "vn": 0.0, "vo": 0.0007099999999999999, "ii": 0.00023, "ih": 2e-05, "ik": 0.00043, "ij": 1e-05, "im": 0.00318, "il": 0.00432, "io": 0.00835, "in": 0.024329999999999997, "ia": 0.0028599999999999997, "vy": 5e-05, "ic": 0.00699, "ib": 0.00099, "ie": 0.00385, "id": 0.00296, "ig": 0.00255, "if": 0.00203, "jw": 0.0, "jp": 0.0, "jq": 0.0, "jr": 0.0, "js": 0.0, "bd": 2e-05, "be": 0.0057599999999999995, "bf": 0.0, "bg": 0.0, "ba": 0.00146, "bb": 0.00010999999999999999, "bc": 2e-05, "bl": 0.00233, "bm": 3e-05, "bn": 2e-05, "bo": 0.0019500000000000001, "bh": 1e-05, "bi": 0.00107, "bj": 0.00023, "bk": 0.0, "bt": 0.00017, "bu": 0.00185, "bv": 4e-05, "bw": 0.0,